Battery_ID,formula,working_ion,formula_charge,formula_discharge,voltage,capacity,volume_change
mp-1009747_Na,Na0-1ScSn,Na,ScSn,NaScSn,0.7297572165517231,143.5878134625825,0.150262192374178
mp-1014373_Na,Na0-1CrN2,Na,CrN2,NaCrN2,1.963945621551726,260.2104008379416,0.167853665227991
mp-1041961_Na,Na0-0.5CrO2,Na,CrO2,NaCr2O4,3.876070849051725,140.33690224774546,0.068350413838443
mp-1062939_Na,Na0-1CoO2,Na,CoO2,NaCoO2,2.662275291551726,235.2621671087404,0.114361442571003
mp-1072712_Na,Na0-0.67NbS2,Na,NbS2,Na2(NbS2)3,2.107033556551725,103.66299730251782,0.180113004128266
mp-1076642_Na,Na0-1CrO3,Na,CrO3,NaCrO3,3.939361146551721,217.92644610209217,0.068043956765811
mp-1101189_Na,Na0-2VF5,Na,VF5,Na2VF5,4.338141591551722,279.3085775932417,0.185321871033648
mp-1221396_Na,Na0.5-0.67NbSe2,Na,Na(NbSe2)2,Na2(NbSe2)3,1.388520896551729,16.783261216284654,9.039537618349416e-05
mp-12627_Na,Na0-0.5Nb3S4,Na,Nb3S4,Na(Nb3S4)2,0.976272626551722,32.02287306651872,0.001458725972074
mp-1297798_Na,Na0-0.6VO2,Na,VO2,Na3V5O10,2.822687252662833,166.2379497227994,0.168991964610834
mp-15724_Na,Na1-2KSb,Na,KNaSb,KNa2Sb,1.308978026551724,129.57726367648758,0.060173438387468
mp-17999_Na,Na0-1VF4,Na,VF4,NaVF4,4.179153189051728,178.7660645353225,0.19147314460584
mp-18528_Na,Na0-1V6O11,Na,V6O11,NaV6O11,2.784205116551735,53.11092470304411,0.009926352827844
mp-18773_Na,Na0-0.12WO3,Na,WO3,Na(WO3)8,1.5147142115517371,14.273604538760132,0.009972190436288
mp-18896_Na,Na0-2V6O13,Na,V6O13,Na2V6O13,2.545130256551719,95.78444578136504,0.075981364750489
mp-18957_Na,Na0-1MnO2,Na,MnO2,NaMnO2,2.745589469051722,243.81248636564385,0.075649825346243
mp-18999_Na,Na0-1Mn7O12,Na,Mn7O12,NaMn7O12,3.508429366551699,44.70274542758905,0.030349244993923
mp-190_Na,Na0-1ReO3,Na,ReO3,NaReO3,1.844006056551724,104.20686384493769,0.073889511586952
mp-19111_Na,Na0-1V2O5,Na,V2O5,NaV2O5,3.266735261551719,130.82203996985868,0.113406136643222
mp-19280_Na,Na0-1Cr3O8,Na,Cr3O8,NaCr3O8,4.718635471551725,87.30884356226281,0.007678031581796
mp-19328_Na,Na0-1WO3,Na,WO3,NaWO3,1.79113511905172,105.17480173424347,0.08219389083152
mp-19359_Na,Na0-1FeO2,Na,FeO2,NaFeO2,3.764714066551725,241.8173602047862,0.146478886747349
mp-19391_Na,Na0-1VO2,Na,VO2,NaVO2,2.356136071551724,253.0110791726265,0.193824920488038
mp-19395_Na,Na0-0.5MnO2,Na,MnO2,NaMn2O4,2.260954995301727,136.1424880137049,0.105184730638279
mp-19427_Na,Na2-3.5CoO3,Na,Na2CoO3,Na7(CoO3)2,2.179217496551723,214.53131452380896,0.013960694810336
mp-19443_Na,Na0-0.75WO3,Na,WO3,Na3(WO3)4,1.964178333218393,80.70125394527919,0.052430644792485
mp-19844_Na,Na0-0.25FeSb3,Na,FeSb3,Na(FeSb3)4,0.965591996551712,15.696422682910312,0.007999172191121
mp-20011_Na,Na0-1SbO3,Na,SbO3,NaSbO3,4.701569966551723,139.0493567609528,0.019795488538149
mp-21021_Na,Na0-0.5Mo3Se4,Na,Mo3Se4,Na(Mo3Se4)2,1.675246316551725,21.784335794593108,0.03849463111236
mp-2156_Na,Na0-1TiS2,Na,TiS2,NaTiS2,1.5374763665517222,198.54894882157072,0.146015961919879
mp-21792_Na,Na4-5CoO4,Na,Na4CoO4,Na5CoO4,1.6768774440517231,112.6682425937266,0.039441618947962
mp-21996_Na,Na4-5NiO4,Na,Na4NiO4,Na5NiO4,2.723290241551726,112.781932623585,0.046715089045179
mp-2207_Na,Na0-1NbSe2,Na,NbSe2,NaNbSe2,1.489200091551723,97.88130179990635,0.152214076189553
mp-23208_Na,Na0-0.5UCl3,Na,UCl3,NaU2Cl6,0.244827496551725,37.65492677508537,0.029783759805266
mp-23211_Na,Na0-0.5PrCl3,Na,PrCl3,NaPr2Cl6,0.045039906551725,51.78799310850286,0.028638117550509
mp-23250_Na,Na0-2UCl6,Na,UCl6,Na2UCl6,2.665663758218389,107.9124384178086,0.013062500944383
mp-25207_Na,Na0-0.67V2O5,Na,V2O5,Na2V6O15,3.211569766551733,90.60377285915408,0.082652397052103
mp-25262_Na,Na0-1TiO2,Na,TiO2,NaTiO2,1.043654076551721,260.5739420138076,0.140880503868658
mp-25283_Na,Na0-0.5VO2,Na,VO2,NaV2O4,2.902853686551726,141.90410728551464,0.127809631342133
mp-27569_Na,Na1-14Mn2O9,Na,Na10Mn2O9,Na14Mn2O9,1.127592531551727,186.20950370571572,0.093901001715883
mp-28262_Na,Na4-5MnO4,Na,Na4MnO4,Na5MnO4,1.473064681551722,114.59281025832004,0.027216325151004
mp-28649_Na,Na0-1Ti8O13,Na,Ti8O13,NaTi8O13,0.998536216551716,43.65645328283279,0.004279669609221
mp-29356_Na,Na0-0.5TiO2,Na,TiO2,NaTi2O4,1.4116670265517222,146.6795112743142,0.038062207566516
mp-29793_Na,Na0-2V3O7,Na,V3O7,Na2V3O7,3.227863313218396,172.46779322370762,0.02420240741757
mp-31257_Na,Na0-4.25Mo15S19,Na,Mo15S19,Na17(Mo15S19)4,1.692320103022309,53.07739567756354,0.077575202240742
mp-3136_Na,Na0-1NbO3,Na,NbO3,NaNbO3,4.182213449051726,163.52901282505945,0.024702532977816
mp-32578_Na,Na0-0.25Ce2Se3,Na,Ce2Se3,Na(Ce2Se3)4,1.3062331915517151,12.814859489981664,0.015128099222686
mp-3332_Na,Na0.67-1CrSe2,Na,Na2(CrSe2)3,NaCrSe2,1.776473426551717,38.35810182058729,0.027266534558452
mp-3744_Na,Na0-1NbO2,Na,NbO2,NaNbO2,2.268371046551721,181.21971896837647,0.149591337009648
mp-504778_Na,Na1-3MoF6,Na,NaMoF6,Na3MoF6,3.062632396551724,192.1943877809533,0.004545193011774
mp-505090_Na,Na0-0.5CuO,Na,CuO,Na(CuO)2,2.471841064051726,147.1957235818452,0.089808821922387
mp-510746_Na,Na0-1Fe5O8,Na,Fe5O8,NaFe5O8,3.894237176551716,62.29860546983345,0.07381057692186
mp-540003_Na,Na0-0.5FeO2,Na,FeO2,Na(FeO2)2,3.842003831551725,134.8995169529954,0.095778025025538
mp-5449_Na,Na2-3Ti6O13,Na,Na2Ti6O13,Na3Ti6O13,0.440480346551712,47.50658412483664,0.002577222763756
mp-558418_Na,Na0-3CrF6,Na,CrF6,Na3CrF6,5.127144469885056,342.21089320931486,0.195681074683196
mp-560242_Na,Na0-1MnF3,Na,MnF3,NaMnF3,3.78776930655172,198.64275476957155,0.18908059493695
mp-560778_Na,Na0-1.29V2O5,Na,V2O5,Na9V14O35,3.211356015440613,162.97450034225784,0.061296319991463
mp-561_Na,Na0-0.5Nb3Se4,Na,Nb3Se4,Na(Nb3Se4)2,0.8024059965517301,22.111462060898077,0.001751978436637
mp-568488_Na,Na0-2Mo15Se19,Na,Mo15Se19,Na2Mo15Se19,1.7052399915517111,17.955519199322875,0.00556674358122
mp-570170_Na,Na0-3Mo15Se19,Na,Mo15Se19,Na3Mo15Se19,1.6214539415517342,26.727452269136176,0.047970429970887
mp-5955_Na,Na1-3SbF6,Na,NaSbF6,Na3SbF6,2.037283706551722,175.90906506585125,0.125078984584144
mp-752583_Na,Na0-0.2VO2,Na,VO2,NaV5O10,2.143013756551727,61.23375773396668,0.091954338633161
mp-752584_Na,Na5-7Cu7O13,Na,Na5Cu7O13,Na7Cu7O13,2.982477596551721,65.87213608018642,0.003138525317457
mp-752972_Na,Na1-4V3O8,Na,NaV3O8,Na4V3O8,1.9680135098850584,215.689433978182,0.116922856966014
mp-753049_Na,Na0-1Ni5O6,Na,Ni5O6,NaNi5O6,2.954215496551715,64.98066481620197,0.043142291111803
mp-753301_Na,Na0.4-0.8NiO2,Na,Na2(NiO2)5,Na4(NiO2)5,2.9327465765517253,98.2783079305942,0.017526944036961
mp-753365_Na,Na0-0.33VO2,Na,VO2,NaV3O6,1.8385786265517368,98.6034919687237,0.083260291999756
mp-754549_Na,Na1-2CuO2,Na,NaCuO2,Na2CuO2,1.6143534265517232,189.3771871189581,0.091769341762147
mp-754584_Na,Na5-6CuO4,Na,Na5CuO4,Na6CuO4,0.9746425815517232,100.95396061357708,0.043462669459948
mp-754638_Na,Na4-5Ti3O8,Na,Na4Ti3O8,Na5Ti3O8,0.79549412655172,69.33598398161723,0.002133851394673
mp-754800_Na,Na0-1Ni3O4,Na,Ni3O4,NaNi3O4,2.864911666551723,101.88059751613596,0.091634816110641
mp-755035_Na,Na2-3Ni2O5,Na,Na2Ni2O5,Na3Ni2O5,2.769066956551715,100.62387243276962,0.038113658591991
mp-755841_Na,Na0-0.5NiO2,Na,NiO2,Na(NiO2)2,4.03211453655172,131.13927870525015,0.187944888656776
mp-756229_Na,Na0-0.5SnO2,Na,SnO2,Na(SnO2)2,2.060051621551725,82.61674574424111,0.138419011084772
mp-7564_Na,Na0-0.5Nb3Te4,Na,Nb3Te4,Na(Nb3Te4)2,0.6051655965517181,16.738078724898248,0.005446964276201
mp-757229_Na,Na0-0.31TiO2,Na,TiO2,Na5Ti16O32,1.716855328551723,96.2142786614238,0.019889905062623
mp-757603_Na,Na2-2.17Ti4O9,Na,Na2Ti4O9,Na13Ti24O54,1.537548586551742,11.594128408060843,0.000128597172435
mp-758835_Na,Na0-0.5Cu3O4,Na,Cu3O4,Na(Cu3O4)2,3.938330566551716,50.35402310565584,0.049479517596053
mp-759333_Na,Na4-7Ti11O24,Na,Na4Ti11O24,Na7Ti11O24,1.9657263565517111,75.04257736913031,0.031913200836254
mp-759832_Na,Na0-9Mn15O32,Na,Mn15O32,Na9Mn15O32,3.563120582107277,156.33161218606645,0.178007327116497
mp-760012_Na,Na0-0.25CrO2,Na,CrO2,NaCr4O8,3.597391406551725,74.66230670076601,0.009579722151321
mp-760173_Na,Na0-1.5V12O29,Na,V12O29,Na3V24O58,3.771439953218384,36.22587891992509,0.027984707988169
mp-760204_Na,Na0.83-0.89NiO2,Na,Na5(NiO2)6,Na8(NiO2)9,2.62946972655182,13.3987581696,0.008463377695928
mp-761084_Na,Na0-1.25V9O22,Na,V9O22,Na5V36O88,3.442116998551731,39.92129500936053,0.00723066204482
mp-761085_Na,Na0-9Mn21O40,Na,Mn21O40,Na9Mn21O40,3.038901614329503,120.57152648054058,0.138812404363838
mp-777268_Na,Na0-0.5BiO2,Na,BiO2,Na(BiO2)2,2.758700919051723,53.07768752499851,0.021447286076876
mp-7937_Na,Na0-1NbS2,Na,NbS2,NaNbS2,1.788391416551725,148.8754897694265,0.122909864446128
mp-799_Na,Na0-0.5V3S4,Na,V3S4,Na(V3S4)2,0.999151806551726,45.80206698148159,0.006908384947819
mp-9173_Na,Na0-0.42TiO2,Na,TiO2,Na5Ti12O24,0.960170120551726,124.85102548621371,0.111827251666669
mp-9227_Na,Na0-0.5Ti3Se4,Na,Ti3Se4,Na(Ti3Se4)2,0.644184976551731,28.455552039585907,0.01023784975501
mp-962067_Na,Na1-2BaSn,Na,BaNaSn,BaNa2Sn,0.615049896551723,88.74176650441738,0.115472961227741
mp-975275_Na,Na0-2RbSb,Na,RbSb,RbNa2Sb,1.097277766551724,211.69592712268891,0.153715440100506
mp-999491_Na,Na0-1CeSe2,Na,CeSe2,NaCeSe2,1.9035203465517232,83.48700855222476,0.108131035760095
mp-1002568_Na,Na0-1MgMn2O4,Na,MgMn2O4,NaMgMn2O4,1.966128981551723,121.18129878290252,0.079051451603079
mp-1012678_Na,Na0-1Mo3P3O13,Na,Mo3P3O13,NaMo3P3O13,3.7116985765517,43.81308200077538,0.000887151304128
mp-1012742_Na,Na0-1Mn3P3O13,Na,Mn3P3O13,NaMn3P3O13,4.73886272155173,54.840449057907605,0.02320727606237
mp-1012791_Na,Na0-1V3P3O13,Na,V3P3O13,NaV3P3O13,4.892302771551703,56.21967852411358,0.009142184755865
mp-1013797_Na,Na0-3Ge3(MoO6)2,Na,Ge3(MoO6)2,Na3Ge3(MoO6)2,3.290833919051724,119.87028261779946,0.05261661680116
mp-1013843_Na,Na0-1Mo2P2O9,Na,Mo2P2O9,NaMo2P2O9,3.610831509051724,63.68993265960454,0.026038391000006
mp-1013874_Na,Na0-1Ti3P3O13,Na,Ti3P3O13,NaTi3P3O13,2.085293196551735,57.32884961509454,0.003263524128987
mp-1040459_Na,Na0-1Fe3P3O13,Na,Fe3P3O13,NaFe3P3O13,5.136609711551703,54.5368230035197,0.001986647800805
mp-1040460_Na,Na0-1Cr2P2O9,Na,Cr2P2O9,NaCr2P2O9,5.096579091551721,80.50327893458578,0.012179265638098
mp-1040954_Na,Na0-1Mn2P2O9,Na,Mn2P2O9,NaMn2P2O9,4.670379339051724,79.10522321787923,0.028651339338013
mp-1043383_Na,Na0-1Mn(GeO3)2,Na,Mn(GeO3)2,NaMn(GeO3)2,3.954146031551719,83.96343139083412,0.084264456293662
mp-1044234_Na,Na0-1Ni2P2O9,Na,Ni2P2O9,NaNi2P2O9,5.167370164051736,77.38964619993756,0.041536349589007
mp-1044451_Na,Na0-1PrTi2O6,Na,PrTi2O6,NaPrTi2O6,4.204540971551726,75.36384864273516,0.003821643626268
mp-1078799_Na,Na0-2LiNbF6,Na,LiNbF6,Na2LiNbF6,0.932564316551726,206.31018219516287,0.172491060319847
mp-1079436_Na,Na0-1V(NF3)2,Na,V(NF3)2,NaV(NF3)2,6.389759226551721,124.11823077955326,0.188305545215806
mp-1094113_Na,Na0-1V2P2O9,Na,V2P2O9,NaV2P2O9,4.149546079051721,81.0165494051057,0.027417805124064
mp-1110703_Na,Na0-1Rb2MoBr6,Na,Rb2MoBr6,Rb2NaMoBr6,2.18916240655172,34.83927143104573,0.095533496877529
mp-1111105_Na,Na0-1K2CoF6,Na,K2CoF6,K2NaCoF6,5.137211306551723,97.7763772231208,0.029798572074638
mp-1111822_Na,Na0-1Cs2MoBr6,Na,Cs2MoBr6,Cs2NaMoBr6,2.240447146551727,31.01432166839195,0.028345541647047
mp-1206176_Na,Na0-1Rb2CuF6,Na,Rb2CuF6,Rb2NaCuF6,5.269202846551725,72.15138131713087,0.039156164853138
mp-1206768_Na,Na0-1Rb2VCl6,Na,Rb2VCl6,Rb2NaVCl6,2.675843536551728,58.57160702786228,0.045793295700656
mp-1210001_Na,Na0-1Ti4(CuO4)3,Na,Ti4(CuO4)3,NaTi4(CuO4)3,3.405811466551714,44.88694395486836,0.012794920752195
mp-1210050_Na,Na0-1V4(CuO4)3,Na,V4(CuO4)3,NaV4(CuO4)3,2.9726397965517077,43.98108277481447,0.022936280506443
mp-1217845_Na,Na0-1TaWO7,Na,TaWO7,NaTaWO7,4.762122656551728,53.6272608798557,0.002279369254111
mp-1219467_Na,Na0-1SbWO7,Na,SbWO7,NaSbWO7,5.208760591551719,60.83150019907045,0.012700832729221
mp-1219754_Na,Na0-1PrNb4O12,Na,PrNb4O12,NaPrNb4O12,3.386346986551732,36.83972689290337,0.022871365793829
mp-1220017_Na,Na0-1NdNb4O12,Na,NdNb4O12,NaNdNb4O12,3.371531496551714,36.67165337801009,0.022351845397891
mp-1220547_Na,Na0-1NbWO7,Na,NbWO7,NaNbWO7,4.744879521551713,65.09448973350726,0.006853496729295
mp-1220753_Na,Na0.17-0.33HfNCl,Na,NaHf6(NCl)6,NaHf3(NCl)3,2.079799786551721,18.958692221230283,0.043580962534045
mp-1355355_Na,Na0-2CoP2O7,Na,CoP2O7,Na2CoP2O7,2.311103249051722,192.22448585035423,0.048271402693302
mp-1390795_Na,Na0-1MgMn4O8,Na,MgMn4O8,NaMgMn4O8,2.445934506551726,67.84461150338517,0.064200922216424
mp-16381_Na,Na0-1Mn6P7O24,Na,Mn6P7O24,NaMn6P7O24,3.74722532655176,28.110887013579315,0.022134280904756
mp-17142_Na,Na0-1CrP2O7,Na,CrP2O7,NaCrP2O7,4.6227713115517055,107.6670871431986,0.032443744631898
mp-17242_Na,Na0-0.5Nb2(PO4)3,Na,Nb2(PO4)3,NaNb4(PO4)6,1.630641366551746,27.78958251196314,0.003148608329688
mp-17461_Na,Na0-1TiP2O7,Na,TiP2O7,NaTiP2O7,1.773142271551723,109.48313289533192,0.037647887302018
mp-17479_Na,Na0-1VP2O7,Na,VP2O7,NaVP2O7,3.607397424051729,108.12516438539888,0.045256791319093
mp-17876_Na,Na0-1MnAsO4,Na,MnAsO4,NaMnAsO4,3.412239079051719,123.59626547938969,0.158095791572673
mp-18245_Na,Na0-1CoPO4,Na,CoPO4,NaCoPO4,4.456061781551721,151.51125369018754,0.149583805672986
mp-18435_Na,Na0-1MoP2O7,Na,MoP2O7,NaMoP2O7,3.185216206551719,91.51226848872884,0.028667360470238
mp-18493_Na,Na0-4Fe2(PO4)3,Na,Fe2(PO4)3,Na4Fe2(PO4)3,3.956551765301722,219.4310432592394,0.036937405438655
mp-18774_Na,Na0-1FeP2O7,Na,FeP2O7,NaFeP2O7,4.957626966551718,106.02770516065304,0.013703893453999
mp-19000_Na,Na0-1VPO5,Na,VPO5,NaVPO5,3.419470574051725,144.9496306764634,0.168405659897193
mp-19226_Na,Na0-1FePO4,Na,FePO4,NaFePO4,3.072423191551724,154.2033123226646,0.169555702732158
mp-19287_Na,Na0-1V(SiO3)2,Na,V(SiO3)2,NaV(SiO3)2,3.032066876551727,118.538871682491,0.051879685586197
mp-19349_Na,Na0-1Mn(SiO3)2,Na,Mn(SiO3)2,NaMn(SiO3)2,3.820904876551725,116.47995908663056,0.090055743507113
mp-19367_Na,Na0-1Cr(SiO3)2,Na,Cr(SiO3)2,NaCr(SiO3)2,4.195462576551723,117.98853360251267,0.044874089842316
mp-19470_Na,Na0-4Ni7(PO4)6,Na,Ni7(PO4)6,Na4Ni7(PO4)6,4.37764028905173,99.94575973892462,0.000745124247177
mp-19482_Na,Na1-2V(PO4)2,Na,NaV(PO4)2,Na2V(PO4)2,3.8704488865517312,93.4293021404477,0.032723501127793
mp-20135_Na,Na1-2Ca2Ta3O10,Na,NaCa2Ta3O10,Na2Ca2Ta3O10,0.342709186551733,32.330938851267106,0.001468469016484
mp-21213_Na,Na0-1Cr(GeO3)2,Na,Cr(GeO3)2,NaCr(GeO3)2,4.347084786551722,84.74447870869932,0.036350359127551
mp-21855_Na,Na0-1VCu3Se4,Na,VCu3Se4,NaVCu3Se4,0.537626946551722,46.17686615965185,0.125143336374269
mp-21867_Na,Na0-1Fe(SiO3)2,Na,Fe(SiO3)2,NaFe(SiO3)2,4.70268335155173,116.02263835400416,0.031069756395204
mp-21966_Na,Na0-1Ni4(PO4)3,Na,Ni4(PO4)3,NaNi4(PO4)3,4.56608707905173,49.38749690925596,0.008492630788864
mp-2219156_Na,Na0-2MgMn4O8,Na,MgMn4O8,Na2MgMn4O8,3.827439061551718,128.22696045645176,0.007685542946047
mp-2228929_Na,Na2-4Mg(NiO2)5,Na,Na2Mg(NiO2)5,Na4Mg(NiO2)5,2.725941631551723,94.08566419736076,0.053423928558871
mp-22614_Na,Na0-1Fe(GeO3)2,Na,Fe(GeO3)2,NaFe(GeO3)2,4.856140101551727,83.72554199107229,0.025502870259686
mp-23621_Na,Na0-1Bi(PO3)4,Na,Bi(PO3)4,NaBi(PO3)4,5.355895026551711,48.92048724307735,0.006335109714154
mp-25205_Na,Na0-2Cu5(Si2O7)2,Na,Cu5(Si2O7)2,Na2Cu5(Si2O7)2,3.736457356551728,76.57094161509809,0.079784080789216
mp-25237_Na,Na0-1Mn(PO3)3,Na,Mn(PO3)3,NaMn(PO3)3,3.951715941551714,85.12630591473967,0.100132211014461
mp-25269_Na,Na0-1Ni2P3O10,Na,Ni2P3O10,NaNi2P3O10,4.774255881551728,68.1465450798183,0.045298644705215
mp-25270_Na,Na0-1Co2P3O10,Na,Co2P3O10,NaCo2P3O10,4.302846381551721,68.06354667567655,0.047130081865473
mp-25310_Na,Na0-1Fe(PO3)3,Na,Fe(PO3)3,NaFe(PO3)3,3.273735689051709,84.88179104995677,0.081538243017999
mp-25359_Na,Na0-1Mo3P3O16,Na,Mo3P3O16,NaMo3P3O16,4.099200366551717,40.62545022730656,0.008132896886684
mp-25992_Na,Na0-2Ni3(P2O7)2,Na,Ni3(P2O7)2,Na2Ni3(P2O7)2,4.59850816155171,94.04913085642455,0.062252860454384
mp-26048_Na,Na0-1Mo2(PO4)3,Na,Mo2(PO4)3,NaMo2(PO4)3,3.008921911551742,53.626144306619445,0.016526202005504
mp-26104_Na,Na0-3V2(PO4)3,Na,V2(PO4)3,Na3V2(PO4)3,3.348916998218388,176.415910700775,0.118606396177811
mp-26194_Na,Na0-1Mo2P3O13,Na,Mo2P3O13,NaMo2P3O13,3.91118607405173,51.96268174858514,0.01029582987395
mp-26304_Na,Na0-6Cu9(PO4)8,Na,Cu9(PO4)8,Na6Cu9(PO4)8,4.016838964885053,109.42182510972124,0.070111260876353
mp-26314_Na,Na0-4Ni5(P3O11)2,Na,Ni5(P3O11)2,Na4Ni5(P3O11)2,4.733145381551726,116.11729417209374,0.078125283189119
mp-26316_Na,Na0-3Cr2(PO4)3,Na,Cr2(PO4)3,Na3Cr2(PO4)3,4.291304676551717,175.60325231964254,0.087594040190126
mp-26412_Na,Na0-3Fe2(PO4)3,Na,Fe2(PO4)3,Na3Fe2(PO4)3,4.315440844051721,172.69982456025753,0.094489032003687
mp-26500_Na,Na0-3.5Cr2(PO4)3,Na,Cr2(PO4)3,Na7Cr4(PO4)6,3.702667313694579,199.85318274074345,0.162168072105599
mp-26600_Na,Na0-1Mo(PO4)2,Na,Mo(PO4)2,NaMo(PO4)2,4.090156524051739,86.77199080031944,0.022895756354055
mp-27102_Na,Na0-7Fe4P9O32,Na,Fe4P9O32,Na7Fe4P9O32,5.024058592266007,159.66119073650506,0.030861378610083
mp-27826_Na,Na0-1K2MoCl6,Na,K2MoCl6,K2NaMoCl6,2.331529446551723,65.39428903817266,0.105981700752469
mp-28269_Na,Na0-1Cs2SbBr6,Na,Cs2SbBr6,Cs2NaSbBr6,2.658470926551722,30.11454236915238,0.078915956344642
mp-31363_Na,Na0-1K2TaCl6,Na,K2TaCl6,K2NaTaCl6,0.8523509965517241,54.16057254333895,0.087194124412371
mp-31829_Na,Na0-3Fe3(PO4)4,Na,Fe3(PO4)4,Na3Fe3(PO4)4,4.975958633218391,130.44415919359105,0.010094574705725
mp-37153_Na,Na0-2AgAsF6,Na,AgAsF6,Na2AgAsF6,2.3646451365517223,156.38639331826263,0.143001846170971
mp-504265_Na,Na0-1CuPO4,Na,CuPO4,NaCuPO4,3.827826506551719,147.6607610751055,0.119355330983493
mp-504406_Na,Na0-7Cr4P9O32,Na,Cr4P9O32,Na7Cr4P9O32,4.836489255123154,161.78085102327796,0.071709797336885
mp-510351_Na,Na0-1Fe7(PO4)6,Na,Fe7(PO4)6,NaFe7(PO4)6,2.751346386551748,27.244671821694524,0.013295017242756
mp-540496_Na,Na0-1Cu(PO3)3,Na,Cu(PO3)3,NaCu(PO3)3,4.73160593155173,82.86085635320941,0.069942191382787
mp-540735_Na,Na0-1Cs2UBr6,Na,Cs2UBr6,Cs2NaUBr6,1.146542039051727,26.634917476098167,0.066434180103435
mp-553997_Na,Na0-2Mn(PO3)5,Na,Mn(PO3)5,Na2Mn(PO3)5,5.518748891551727,108.11901265974252,0.032649624134923
mp-554252_Na,Na0-1K2CrF6,Na,K2CrF6,K2NaCrF6,5.256506976551723,100.3151229072788,0.035666679242374
mp-554302_Na,Na0-1Cs2MnF6,Na,Cs2MnF6,Cs2NaMnF6,3.040560616551719,58.55314630968972,0.088332356025818
mp-556353_Na,Na0-1Rb2NiF6,Na,Rb2NiF6,Rb2NaNiF6,4.578058656551722,73.10640864318114,0.027058084263794
mp-556692_Na,Na0.33-0.67FePO4,Na,NaFe3(PO4)3,Na2Fe3(PO4)3,3.751246721551734,53.771954146942406,0.039539820351895
mp-556757_Na,Na0-1K2NiF6,Na,K2NiF6,K2NaNiF6,4.676244266551723,97.86198817079767,0.03815173862344
mp-556822_Na,Na1-2CuP2O7,Na,NaCuP2O7,Na2CuP2O7,4.17689376405173,94.54823680922271,0.039693862506569
mp-557171_Na,Na1-2Cu(PO3)4,Na,NaCu(PO3)4,Na2Cu(PO3)4,4.838523791551726,63.00102909804375,0.022755897452228
mp-557397_Na,Na0-1K2MnF6,Na,K2MnF6,K2NaMnF6,3.855023356551729,99.222544723181,0.030635571576359
mp-557716_Na,Na0-1Ni(PO3)3,Na,Ni(PO3)3,NaNi(PO3)3,5.285876136551725,84.12291468287461,0.029256726094191
mp-558048_Na,Na0-1V(GeO3)2,Na,V(GeO3)2,NaV(GeO3)2,3.156789026551724,85.02801091922686,0.031406061982007
mp-558049_Na,Na1-2V3P2O13,Na,NaV3P2O13,Na2V3P2O13,3.693653609051726,57.17725394145005,0.033418554319772
mp-558050_Na,Na0-1Rb2MnF6,Na,Rb2MnF6,Rb2NaMnF6,3.765955136551728,73.86302326840693,0.026796367130348
mp-559281_Na,Na0-3Cr2(PS4)3,Na,Cr2(PS4)3,Na3Cr2(PS4)3,3.119356584885057,123.57313834032348,0.004930372780976
mp-559563_Na,Na0-1Rb2CoF6,Na,Rb2CoF6,Rb2NaCoF6,4.910117116551735,73.05862180977002,0.095260123885882
mp-560562_Na,Na0-1Rb2CrF6,Na,Rb2CrF6,Rb2NaCrF6,4.498360276551725,74.46678479711632,0.045265140264845
mp-560624_Na,Na3-5Bi(P2O7)2,Na,Na3Bi(P2O7)2,Na5Bi(P2O7)2,4.666740184051722,79.78817223221652,0.003384475388911
mp-560671_Na,Na0-1Rb2VF6,Na,Rb2VF6,Rb2NaVF6,4.005764786551726,74.68562575079928,0.016347304551869
mp-560780_Na,Na0-4Ni3P4O15,Na,Ni3P4O15,Na4Ni3P4O15,5.320454675301722,169.6496727063401,0.028660758743234
mp-562546_Na,Na0-4Co3P4O15,Na,Co3P4O15,Na4Co3P4O15,4.738210525926728,169.45676280312333,0.072643418000461
mp-569885_Na,Na0-1Cs2TaCl6,Na,Cs2TaCl6,Cs2NaTaCl6,0.8984755465517261,39.27149400129235,0.021850209935507
mp-570990_Na,Na0-1Cs2MoCl6,Na,Cs2MoCl6,Cs2NaMoCl6,2.404134966551726,44.85913813452191,0.000416309131341
mp-584094_Na,Na0-1MnP2O7,Na,MnP2O7,NaMnP2O7,4.993953421551726,106.4094970483249,0.050200433153803
mp-585266_Na,Na0-2MnP2O7,Na,MnP2O7,Na2MnP2O7,4.05877872905172,195.018501417946,0.123101178662976
mp-6226_Na,Na0-1Sn4(PO4)3,Na,Sn4(PO4)3,NaSn4(PO4)3,4.348646971551719,34.240423562030486,0.015369858783492
mp-6465_Na,Na0-1Ti(SiO3)2,Na,Ti(SiO3)2,NaTi(SiO3)2,1.283247486551733,120.17298946517072,0.031140861135458
mp-6496_Na,Na0-1Ba2(CuO2)3,Na,Ba2(CuO2)3,Ba2Na(CuO2)3,2.459639041551728,45.87109797100768,0.025767618930216
mp-6761_Na,Na0-3Ti2(PO4)3,Na,Ti2(PO4)3,Na3Ti2(PO4)3,2.306019463218399,178.82858745608107,0.117365215997587
mp-689925_Na,Na0-1Cs2NiF6,Na,Cs2NiF6,Cs2NaNiF6,4.227831216551717,58.07666691669115,0.095016872957406
mp-697730_Na,Na0-6Mn3(PO4)4,Na,Mn3(PO4)4,Na6Mn3(PO4)4,3.469875774885057,235.5697164078063,0.14024297968184
mp-705395_Na,Na0-4Fe3P4O15,Na,Fe3P4O15,Na4Fe3P4O15,2.399544355926725,171.97520463267662,0.094957735850937
mp-705562_Na,Na0-3Mo4P5O24,Na,Mo4P5O24,Na3Mo4P5O24,3.616627704885051,81.08689361220995,0.009389674813241
mp-753211_Na,Na0-1FeCuS2,Na,FeCuS2,NaFeCuS2,1.727397416551724,129.78248659286524,0.127953577281996
mp-753571_Na,Na0-2LiVF6,Na,LiVF6,Na2LiVF6,3.214491651551725,246.0516757161408,0.092759160800778
mp-760263_Na,Na0-8Fe7(PO4)8,Na,Fe7(PO4)8,Na8Fe7(PO4)8,3.417543051551721,160.65577586427503,0.114182437857771
mp-761068_Na,Na1-2.75Ti2(PO4)3,Na,NaTi2(PO4)3,Na11Ti8(PO4)12,1.236566780837445,105.66741867470942,0.08279904164713
mp-768444_Na,Na0-0.67MnPO4,Na,MnPO4,Na2Mn3(PO4)3,3.6729767515517153,108.13420055862515,0.078330807825624
mp-866668_Na,Na0-1Rb2SbBr6,Na,Rb2SbBr6,Rb2NaSbBr6,2.557676156551721,33.70791765368529,0.127672889874349
mp-989514_Na,Na0-1Cs2SbCl6,Na,Cs2SbCl6,Cs2NaSbCl6,3.135656256551723,43.00079932612073,0.06474629238037
mp-989545_Na,Na0-1Rb2SbCl6,Na,Rb2SbCl6,Rb2NaSbCl6,3.043628696551717,50.72163181299064,0.107720256273356
mp-1173809_Na,Na1.25-2MgFe2(PO4)3,Na,Na5Mg4Fe8(PO4)12,Na2MgFe2(PO4)3,2.650199029885057,43.05333178328426,0.015586605020234
mp-1176385_Na,Na2-2.5MnPCO7,Na,Na2MnPCO7,Na5Mn2P2(CO7)2,3.099622796551703,50.116323516569366,0.019715041193803
mp-1176405_Na,Na2-2.5FePCO7,Na,Na2FePCO7,Na5Fe2P2(CO7)2,2.774276836551738,49.94691127830643,0.027757010938259
mp-1210177_Na,Na0-1Mn3Ag(PO4)3,Na,Mn3Ag(PO4)3,NaMn3Ag(PO4)3,4.169085676551706,46.162794765129206,0.037967644111603
mp-1220811_Na,Na0-1ZrNb(PO4)3,Na,ZrNb(PO4)3,NaZrNb(PO4)3,1.6818045948850262,54.47076488511429,0.001077454856309
mp-16553_Na,Na0-1Ca9Mn(PO4)7,Na,Ca9Mn(PO4)7,NaCa9Mn(PO4)7,4.632047936551718,24.289258924589436,0.00638725597874
mp-19261_Na,Na1-3MnPCO7,Na,NaMnPCO7,Na3MnPCO7,3.369558361551721,192.2027348596324,0.073265602924694
mp-21590_Na,Na2-6Fe2C4SO16,Na,Na2Fe2C4SO16,Na6Fe2C4SO16,3.904088337801721,183.03058987831173,0.034428311613011
mp-22135_Na,Na1-3FePCO7,Na,NaFePCO7,Na3FePCO7,3.443899664051723,191.5797090750565,0.010974811361596
mp-23689_Na,Na0-2CoH8(SO6)2,Na,CoH8(SO6)2,Na2CoH8(SO6)2,4.997184529051726,145.2264961768974,0.036747689052181
mp-542864_Na,Na0-2NiH12(SO7)2,Na,NiH12(SO7)2,Na2NiH12(SO7)2,4.567539719051727,132.38901012963962,0.180779739770466
mp-562419_Na,Na0-1Ca9Co(PO4)7,Na,Ca9Co(PO4)7,NaCa9Co(PO4)7,3.342796981551718,24.20163287609286,4.532475656571224e-05
mp-6838_Na,Na0-2LiFe(Si2O5)3,Na,LiFe(Si2O5)3,Na2LiFe(Si2O5)3,4.5699816103017135,103.62675219567404,0.026649669605583
mp-694890_Na,Na0-1CaFe2(SiO3)4,Na,CaFe2(SiO3)4,NaCaFe2(SiO3)4,2.733554456551705,55.94217665626135,0.027761134450751
mp-753652_Na,Na1.5-3NiPCO7,Na,Na3Ni2P2(CO7)2,Na3NiPCO7,4.058584699885058,142.23676513448655,0.02189481609775
mp-754871_Na,Na1-3BiAsCO7,Na,NaBiAsCO7,Na3BiAsCO7,2.6098949865517262,112.40397730714368,0.047165357845285
mp-755361_Na,Na2-3VBAsO7,Na,Na2VBAsO7,Na3VBAsO7,2.894381646551725,84.37711870527087,0.031270444906714
mp-756274_Na,Na2-3FeBPO7,Na,Na2FeBPO7,Na3FeBPO7,3.662467991551725,96.20234988805166,0.015524595118022
mp-756330_Na,Na2-3FeBAsO7,Na,Na2FeBAsO7,Na3FeBAsO7,3.612905546551719,83.09436392113066,0.0252830495528
mp-756707_Na,Na2-3VBPO7,Na,Na2VBPO7,Na3VBPO7,2.967536531551719,97.92592715302656,0.030335772820358
mp-756769_Na,Na2-3TlPCO7,Na,Na2TlPCO7,Na3TlPCO7,2.383596366551732,62.57161901998169,0.081369335293311
mp-757045_Na,Na0-1Ti3Nb(CuO4)3,Na,Ti3Nb(CuO4)3,NaTi3Nb(CuO4)3,3.337308996551716,41.73853696201145,0.017559270106711
mp-767526_Na,Na2-3CuPCO7,Na,Na2CuPCO7,Na3CuPCO7,3.362398286551713,93.22397962611988,0.036124648692496
mp-767538_Na,Na1-2CePCO7,Na,NaCePCO7,Na2CePCO7,2.552144956551718,78.57925159556763,0.036822650451961
mp-767550_Na,Na1-2TiPCO7,Na,NaTiPCO7,Na2TiPCO7,1.5432666315517198,107.71139236225964,0.023046192700086
mp-767606_Na,Na1-2NdPCO7,Na,NaNdPCO7,Na2NdPCO7,4.186945046551717,77.64003867269946,0.047037429772558
mp-767754_Na,Na4-6Bi2P(CO4)4,Na,Na4Bi2P(CO4)4,Na6Bi2P(CO4)4,2.6485054940517223,60.166773561902986,0.035200926799759
mp-768085_Na,Na1-2MnPCO7,Na,NaMnPCO7,Na2MnPCO7,3.877459166551734,104.73507929194264,0.051845981444865
mp-768103_Na,Na1-3VPCO7,Na,NaVPCO7,Na3VPCO7,2.440613730301724,194.99710311407105,0.063204372017703
mp-768121_Na,Na1-2SbPCO7,Na,NaSbPCO7,Na2SbPCO7,3.886266746551729,83.04876582985173,0.027183058604246
mp-768122_Na,Na1-2BiPCO7,Na,NaBiPCO7,Na2BiPCO7,4.461097456551716,65.37900188552294,0.033568701024982
mp-768125_Na,Na1-3GePCO7,Na,NaGePCO7,Na3GePCO7,2.132724569051728,180.73111040163943,0.156629523233187
mp-768253_Na,Na4-6Bi2As(CO4)4,Na,Na4Bi2As(CO4)4,Na6Bi2As(CO4)4,2.711236846551731,57.3383115695079,0.047897787208361
mp-768257_Na,Na2-6Bi2C4SO16,Na,Na2Bi2C4SO16,Na6Bi2C4SO16,2.808920395301722,120.1863353633842,0.070359732921207
mp-768326_Na,Na4-6Sn2C4SO16,Na,Na4Sn2C4SO16,Na6Sn2C4SO16,2.800981544051726,75.34253816866574,0.040314917004253
mp-768461_Na,Na4-6Co2P(CO4)4,Na,Na4Co2P(CO4)4,Na6Co2P(CO4)4,4.224462604051727,90.72761762293992,0.018675591204741
mp-768574_Na,Na2-3MnBPO7,Na,Na2MnBPO7,Na3MnBPO7,3.668716216551733,96.51655586382483,0.035911391000941
mp-768582_Na,Na2-3BiBPO7,Na,Na2BiBPO7,Na3BiBPO7,3.637906706551721,62.079226354215486,0.018314198234093
mp-768598_Na,Na1-2NiCSO7,Na,NaNiCSO7,Na2NiCSO7,4.12187752405173,102.7883136966566,0.028872810078638
mp-768661_Na,Na0-2FeCSO7,Na,FeCSO7,Na2FeCSO7,3.8926054365517233,207.847172023377,0.128771071377676
mp-768663_Na,Na2-3SiBiCO7,Na,Na2SiBiCO7,Na3SiBiCO7,3.485697316551711,62.322980903367565,0.029621441716033
mp-769373_Na,Na5-6Sn2P(CO4)4,Na,Na5Sn2P(CO4)4,Na6Sn2P(CO4)4,2.679763736551709,37.72913833028832,0.030806550169652
mp-769459_Na,Na1.5-2.5NiPCO7,Na,Na3Ni2P2(CO7)2,Na5Ni2P2(CO7)2,4.112834931551735,98.84444186871173,0.021863361042883
mp-769465_Na,Na1-2.5MnPCO7,Na,NaMnPCO7,Na5Mn2P2(CO7)2,3.611596209885063,150.3489705497081,0.056828403091353
mp-769532_Na,Na4-6V2C4SO16,Na,Na4V2C4SO16,Na6V2C4SO16,2.300817919051727,93.07365510151392,0.023353186019034
mp-769542_Na,Na4-6Cr2As(CO4)4,Na,Na4Cr2As(CO4)4,Na6Cr2As(CO4)4,3.036276904051721,86.33307156266021,0.020452863259504
mp-769570_Na,Na3-6Fe2P(CO4)4,Na,Na3Fe2P(CO4)4,Na6Fe2P(CO4)4,3.359924674885058,137.5291660407657,0.09467806839956
mp-769599_Na,Na1-3CrPCO7,Na,NaCrPCO7,Na3CrPCO7,3.031012679051716,194.2518696590096,0.073593047086824
mp-769713_Na,Na4-6B4Sb2SO16,Na,Na4B4Sb2SO16,Na6B4Sb2SO16,2.051491209051722,75.20499399728025,0.051113367705172
mp-770475_Na,Na2-3BiBAsO7,Na,Na2BiBAsO7,Na3BiBAsO7,3.620408901551716,56.34373477279911,0.030114456553893
mp-770525_Na,Na4-6Mn2C4SO16,Na,Na4Mn2C4SO16,Na6Mn2C4SO16,3.737696424051723,91.7995847827752,0.031714388718323
mp-770548_Na,Na4-6Cr2P(CO4)4,Na,Na4Cr2P(CO4)4,Na6Cr2P(CO4)4,2.998660504051716,92.9094338496565,0.021816126497108
mp-770560_Na,Na4-6Cr2C4SO16,Na,Na4Cr2C4SO16,Na6Cr2C4SO16,2.085979849051714,92.73403382297106,0.039852922375281
mp-770646_Na,Na1-3SnAsCO7,Na,NaSnAsCO7,Na3SnAsCO7,2.203955641551719,138.64959957754283,0.080478990060486
mp-770708_Na,Na2-3SiBSbO7,Na,Na2SiBSbO7,Na3SiBSbO7,1.695607211551721,78.45370588477671,0.012039033318278
mp-770765_Na,Na2-3MnBAsO7,Na,Na2MnBAsO7,Na3MnBAsO7,3.503137209051718,83.3286750888558,0.026737093069887
mp-770795_Na,Na2-3CuBSO7,Na,Na2CuBSO7,Na3CuBSO7,3.032991951551726,93.25916303902316,0.003459685322988
mp-770820_Na,Na1-2CoCSO7,Na,NaCoCSO7,Na2CoCSO7,3.832828926551731,102.69387073607363,0.051936479759376
mp-770821_Na,Na1-3FeAsCO7,Na,NaFeAsCO7,Na3FeAsCO7,3.469605169051721,165.5728782903828,0.007168509450685
mp-770829_Na,Na1-2CrCSO7,Na,NaCrCSO7,Na2CrCSO7,2.496419471551721,105.49806345893565,0.092116369185271
mp-770900_Na,Na1-3MnAsCO7,Na,NaMnAsCO7,Na3MnAsCO7,3.390345429051724,166.03802903051624,0.062758297887686
mp-770912_Na,Na2-3MnSiCO7,Na,Na2MnSiCO7,Na3MnSiCO7,3.170831431551722,97.10704343897868,0.035664476688423
mp-770940_Na,Na2-3NiAsCO7,Na,Na2NiAsCO7,Na3NiAsCO7,3.856678581551722,82.0644075153952,0.011813930942475
mp-770947_Na,Na1-3VSiCO7,Na,NaVSiCO7,Na3VSiCO7,2.9326560578017262,197.067679986078,0.026909028376574
mp-770948_Na,Na1-3CoPCO7,Na,NaCoPCO7,Na3CoPCO7,3.9234055553017297,189.48825786910663,0.066817102717882
mp-770978_Na,Na1-3SiSbCO7,Na,NaSiSbCO7,Na3SiSbCO7,2.374212109051729,156.3583157314863,0.057291828872825
mp-771009_Na,Na2-3CoSiCO7,Na,Na2CoSiCO7,Na3CoSiCO7,3.220914926551717,95.72145479112967,0.03515954267775
mp-771012_Na,Na1-3VAsCO7,Na,NaVAsCO7,Na3VAsCO7,2.443383406551728,168.11926327895614,0.020702201578926
mp-771013_Na,Na2-3CrSiCO7,Na,Na2CrSiCO7,Na3CrSiCO7,3.459963181551732,98.15328343360096,0.015113261158202
mp-771032_Na,Na2-3CuAsCO7,Na,Na2CuAsCO7,Na3CuAsCO7,3.3144571365517272,80.8629181072805,0.014917513048771
mp-771066_Na,Na2-3CoBAsO7,Na,Na2CoBAsO7,Na3CoBAsO7,3.710628494051722,82.30631955264056,0.031365919245627
mp-771142_Na,Na2-3MnBSO7,Na,Na2MnBSO7,Na3MnBSO7,2.614881566551734,96.13875669084229,0.003142155096983
mp-771169_Na,Na1-2CrAsCO7,Na,NaCrAsCO7,Na2CrAsCO7,4.387437486551736,90.26993487974453,0.023560141988136
mp-771195_Na,Na5-6Ni2As(CO4)4,Na,Na5Ni2As(CO4)4,Na6Ni2As(CO4)4,3.781584476551732,42.254953698391056,0.02358907758286
mp-771204_Na,Na2-3FeSiCO7,Na,Na2FeSiCO7,Na3FeSiCO7,3.868105926551724,96.78898741754244,0.013881350875249
mp-771250_Na,Na2-3SiSnCO7,Na,Na2SiSnCO7,Na3SiSnCO7,1.06527300155172,78.88094293702058,0.023223099818441
mp-771487_Na,Na4-6Mn2P(CO4)4,Na,Na4Mn2P(CO4)4,Na6Mn2P(CO4)4,3.8806216990517193,91.97146445172773,0.032467488275242
mp-771495_Na,Na5-6Co2As(CO4)4,Na,Na5Co2As(CO4)4,Na6Co2As(CO4)4,3.391257161551724,42.223028152597394,0.026514896243523
mp-771839_Na,Na4-6Co2C4SO16,Na,Na4Co2C4SO16,Na6Co2C4SO16,4.203535884051735,90.56035138236284,0.001708263473895
mp-771954_Na,Na1-2VCSO7,Na,NaVCSO7,Na2VCSO7,2.888922099051729,105.93783238792088,0.010953070322631
mp-772118_Na,Na1-3CuCSO7,Na,NaCuCSO7,Na3CuCSO7,2.9306589190517203,185.74294054510847,0.009740201868946
mp-772152_Na,Na1-3CoAsCO7,Na,NaCoAsCO7,Na3CoAsCO7,3.7624218903017272,164.00839402719313,0.077376141519508
mp-772200_Na,Na4-6Fe2As(CO4)4,Na,Na4Fe2As(CO4)4,Na6Fe2As(CO4)4,3.526058554051719,85.27581376409721,0.049167155579004
mp-772553_Na,Na0-2Ti3Cr(PO4)6,Na,Ti3Cr(PO4)6,Na2Ti3Cr(PO4)6,5.008353921551734,66.0619232140528,0.006301333238593
mp-772662_Na,Na0-2MnH4(SO5)2,Na,MnH4(SO5)2,Na2MnH4(SO5)2,4.239597669051729,162.89062405005873,0.133276296695113
mp-772711_Na,Na2-3SiBiBO7,Na,Na2SiBiBO7,Na3SiBiBO7,3.495784871551723,62.49733154724774,0.008031644945139
mp-772859_Na,Na0-2Ti3Fe(PO4)6,Na,Ti3Fe(PO4)6,Na2Ti3Fe(PO4)6,4.137728261551732,65.75003780590923,0.021845213696363
mp-773088_Na,Na0-1V3Fe2CuO12,Na,V3Fe2CuO12,NaV3Fe2CuO12,4.168594101551722,49.354245844439085,0.008637709239546
mp-776196_Na,Na4-6Ni2C4SO16,Na,Na4Ni2C4SO16,Na6Ni2C4SO16,4.299877699051724,90.63378747413866,0.017240021820524
mp-776638_Na,Na4-6Mn2As(CO4)4,Na,Na4Mn2As(CO4)4,Na6Mn2As(CO4)4,3.933984291551727,85.52260728219764,0.022071970096255
mp-778480_Na,Na4-6V2P(CO4)4,Na,Na4V2P(CO4)4,Na6V2P(CO4)4,3.034058029051725,93.25034344511644,0.005278998121273
mp-778605_Na,Na4-6Ni2P(CO4)4,Na,Na4Ni2P(CO4)4,Na6Ni2P(CO4)4,4.307202056551734,90.80132535062172,0.025521497748177
mp-779142_Na,Na4-6Cu2C4SO16,Na,Na4Cu2C4SO16,Na6Cu2C4SO16,3.701181109051735,89.17050870384884,0.024367675293018
mp-779161_Na,Na4-6Bi2B4SO16,Na,Na4Bi2B4SO16,Na6Bi2B4SO16,3.7826880740517232,60.418207670445774,0.016052765222992
mp-25408_Na,Na0-1LiMnPCO7,Na,LiMnPCO7,NaLiMnPCO7,3.960867266551719,111.74310762854812,0.081468113058264
mp-754320_Na,Na0-1Li2MnPCO7,Na,Li2MnPCO7,NaLi2MnPCO7,3.167487786551721,108.60031954832657,0.092688066942138
mp-755819_Na,Na0-1Li2FePCO7,Na,Li2FePCO7,NaLi2FePCO7,2.720517889051724,108.20267407673184,0.056042515989659
mp-756197_Na,Na0-3Li3Fe2P2(CO7)2,Na,Li3Fe2P2(CO7)2,Na3Li3Fe2P2(CO7)2,3.298130306551726,157.21100860251266,0.071961580205312
mp-756199_Na,Na0-3Li3Mn2P2(CO7)2,Na,Li3Mn2P2(CO7)2,Na3Li3Mn2P2(CO7)2,3.357049196551727,157.7705659753254,0.127062703799178
mp-768689_Na,Na0-1Li5Fe2P2(CO7)2,Na,Li5Fe2P2(CO7)2,NaLi5Fe2P2(CO7)2,3.028983551551708,55.91268240472394,0.03134601880846
mp-768858_Na,Na0-1Li5Mn2P2(CO7)2,Na,Li5Mn2P2(CO7)2,NaLi5Mn2P2(CO7)2,3.088264391551721,56.12506755320178,0.035777899977193
